Position,Feb22,Mar22,sbar,sq1,sq2,num,final
1,0,0,0,0,0,0,#DIV/0!
2,0,0,0,0,0,0,#DIV/0!
3,0,0,0,0,0,0,#DIV/0!
4,0,0,0,0,0,0,#DIV/0!
5,0.0539079059653769,0,0.0269539529826885,0.00072651558139298,0.00072651558139298,0.00072651558139298,0.0269539529826885
6,0,0,0,0,0,0,#DIV/0!
7,0,0,0,0,0,0,#DIV/0!
8,0,0,0,0,0,0,#DIV/0!
9,0,0,0,0,0,0,#DIV/0!
10,0,0,0,0,0,0,#DIV/0!
11,0,0,0,0,0,0,#DIV/0!
12,0,0,0,0,0,0,#DIV/0!
13,0,0,0,0,0,0,#DIV/0!
14,0,0,0,0,0,0,#DIV/0!
15,0,0,0,0,0,0,#DIV/0!
16,0,0,0,0,0,0,#DIV/0!
17,0,0,0,0,0,0,#DIV/0!
18,0,0,0,0,0,0,#DIV/0!
19,0.161559472133053,0.353359335021421,0.257459403577237,0.00919679685099919,0.0091967968509992,0.00919679685099919,0.0357213476113728
20,0,0,0,0,0,0,#DIV/0!
21,0.0539079059653769,0,0.0269539529826885,0.00072651558139298,0.00072651558139298,0.00072651558139298,0.0269539529826885
22,0,0,0,0,0,0,#DIV/0!
23,0,0,0,0,0,0,#DIV/0!
24,0.0539079059653769,0,0.0269539529826885,0.00072651558139298,0.00072651558139298,0.00072651558139298,0.0269539529826885
25,0.0539079059653769,0,0.0269539529826885,0.00072651558139298,0.00072651558139298,0.00072651558139298,0.0269539529826885
26,0.0539079059653769,0.353359335021421,0.203633620493399,0.0224177895909267,0.0224177895909267,0.0224177895909267,0.110088842582129
27,0.0539079059653769,0,0.0269539529826885,0.00072651558139298,0.00072651558139298,0.00072651558139298,0.0269539529826885
28,0,0,0,0,0,0,#DIV/0!
29,0,0,0,0,0,0,#DIV/0!
30,0,0,0,0,0,0,#DIV/0!
31,0,0,0,0,0,0,#DIV/0!
32,0,0,0,0,0,0,#DIV/0!
33,0,0,0,0,0,0,#DIV/0!
34,0,0,0,0,0,0,#DIV/0!
35,0,0,0,0,0,0,#DIV/0!
36,0,0,0,0,0,0,#DIV/0!
37,0,0,0,0,0,0,#DIV/0!
38,0,0,0,0,0,0,#DIV/0!
39,0,0,0,0,0,0,#DIV/0!
40,0,0,0,0,0,0,#DIV/0!
41,0,0,0,0,0,0,#DIV/0!
42,0,0,0,0,0,0,#DIV/0!
43,0,0,0,0,0,0,#DIV/0!
44,0,0,0,0,0,0,#DIV/0!
45,0,0,0,0,0,0,#DIV/0!
46,0,0,0,0,0,0,#DIV/0!
47,0,0,0,0,0,0,#DIV/0!
48,0,0,0,0,0,0,#DIV/0!
49,0.0539079059653769,0,0.0269539529826885,0.00072651558139298,0.00072651558139298,0.00072651558139298,0.0269539529826885
50,0,0,0,0,0,0,#DIV/0!
51,0,0,0,0,0,0,#DIV/0!
52,0,0,0,0,0,0,#DIV/0!
53,0,0,0,0,0,0,#DIV/0!
54,0,0,0,0,0,0,#DIV/0!
55,0,0,0,0,0,0,#DIV/0!
56,0,0,0,0,0,0,#DIV/0!
57,0,0,0,0,0,0,#DIV/0!
58,0,0,0,0,0,0,#DIV/0!
59,0,0,0,0,0,0,#DIV/0!
60,0,0,0,0,0,0,#DIV/0!
61,0,0,0,0,0,0,#DIV/0!
62,0,0,0,0,0,0,#DIV/0!
63,0,0,0,0,0,0,#DIV/0!
64,0,0,0,0,0,0,#DIV/0!
65,0,0,0,0,0,0,#DIV/0!
66,0,0,0,0,0,0,#DIV/0!
67,0.960311740166448,1.24194603220605,1.10112888618625,0.0198294686131619,0.019829468613162,0.019829468613162,0.0180083084386617
68,0.0954912378111185,0.353359335021421,0.22442528641627,0.0166239888897155,0.0166239888897155,0.0166239888897155,0.0740735999725134
69,0.985272565714152,1.05298157513027,1.01912707042221,0.00114612748902799,0.00114612748902799,0.00114612748902799,0.00112461686308967
70,0.985272565714152,1.05298157513027,1.01912707042221,0.00114612748902799,0.00114612748902799,0.00114612748902799,0.00112461686308967
71,0,0,0,0,0,0,#DIV/0!
72,0,0,0,0,0,0,#DIV/0!
73,0,0,0,0,0,0,#DIV/0!
74,0,0,0,0,0,0,#DIV/0!
75,0,0,0,0,0,0,#DIV/0!
76,0.0539079059653769,0,0.0269539529826885,0.00072651558139298,0.00072651558139298,0.00072651558139298,0.0269539529826885
77,0,0,0,0,0,0,#DIV/0!
78,0,0,0,0,0,0,#DIV/0!
79,0,0,0,0,0,0,#DIV/0!
80,0,0,0,0,0,0,#DIV/0!
81,0,0,0,0,0,0,#DIV/0!
82,0,0,0,0,0,0,#DIV/0!
83,0,0,0,0,0,0,#DIV/0!
84,0,0,0,0,0,0,#DIV/0!
85,0,0,0,0,0,0,#DIV/0!
86,0,0,0,0,0,0,#DIV/0!
87,0,0,0,0,0,0,#DIV/0!
88,0,0,0,0,0,0,#DIV/0!
89,0,0,0,0,0,0,#DIV/0!
90,0,0,0,0,0,0,#DIV/0!
91,0,0,0,0,0,0,#DIV/0!
92,0,0,0,0,0,0,#DIV/0!
93,0,0,0,0,0,0,#DIV/0!
94,0,0,0,0,0,0,#DIV/0!
95,0.882039540878772,1.24194603220605,1.06199278654241,0.032383170624878,0.032383170624878,0.032383170624878,0.030492834824528
96,0,0,0,0,0,0,#DIV/0!
97,0,0,0,0,0,0,#DIV/0!
98,0,0,0,0,0,0,#DIV/0!
99,0,0,0,0,0,0,#DIV/0!
100,0,0,0,0,0,0,#DIV/0!
101,0,0,0,0,0,0,#DIV/0!
102,0,0,0,0,0,0,#DIV/0!
103,0,0,0,0,0,0,#DIV/0!
104,0,0,0,0,0,0,#DIV/0!
105,0,0,0,0,0,0,#DIV/0!
106,0,0,0,0,0,0,#DIV/0!
107,0,0,0,0,0,0,#DIV/0!
108,0,0,0,0,0,0,#DIV/0!
109,0,0,0,0,0,0,#DIV/0!
110,0,0,0,0,0,0,#DIV/0!
111,0,0,0,0,0,0,#DIV/0!
112,0,0,0,0,0,0,#DIV/0!
113,0,0,0,0,0,0,#DIV/0!
114,0,0,0,0,0,0,#DIV/0!
115,0,0,0,0,0,0,#DIV/0!
116,0,0,0,0,0,0,#DIV/0!
117,0,0,0,0,0,0,#DIV/0!
118,0,0,0,0,0,0,#DIV/0!
119,0,0,0,0,0,0,#DIV/0!
120,0,0,0,0,0,0,#DIV/0!
121,0,0,0,0,0,0,#DIV/0!
122,0,0,0,0,0,0,#DIV/0!
123,0,0,0,0,0,0,#DIV/0!
124,0,0,0,0,0,0,#DIV/0!
125,0,0,0,0,0,0,#DIV/0!
126,0,0,0,0,0,0,#DIV/0!
127,0,0,0,0,0,0,#DIV/0!
128,0,0,0,0,0,0,#DIV/0!
129,0,0,0,0,0,0,#DIV/0!
130,0,0,0,0,0,0,#DIV/0!
131,0,0,0,0,0,0,#DIV/0!
132,0,0,0,0,0,0,#DIV/0!
133,0,0,0,0,0,0,#DIV/0!
134,0,0,0,0,0,0,#DIV/0!
135,0,0,0,0,0,0,#DIV/0!
136,0,0,0,0,0,0,#DIV/0!
137,0,0,0,0,0,0,#DIV/0!
138,0.0539079059653769,0,0.0269539529826885,0.00072651558139298,0.00072651558139298,0.00072651558139298,0.0269539529826885
139,0,0,0,0,0,0,#DIV/0!
140,0,0,0,0,0,0,#DIV/0!
141,0,0,0,0,0,0,#DIV/0!
142,1.03650241500137,1.27290559532006,1.15470400516072,0.0139716159161978,0.0139716159161978,0.0139716159161978,0.012099737988051
143,1.053074499678,1.27290559532006,1.16299004749903,0.0120814276527972,0.0120814276527972,0.0120814276527972,0.0103882468115508
144,1.053074499678,1.27290559532006,1.16299004749903,0.0120814276527972,0.0120814276527972,0.0120814276527972,0.0103882468115508
145,1.09866569488969,1.27290559532006,1.18578564510488,0.0075898857254963,0.00758988572549634,0.00758988572549632,0.00640072323090489
146,0,0,0,0,0,0,#DIV/0!
147,0,0,0,0,0,0,#DIV/0!
148,0,0,0,0,0,0,#DIV/0!
149,0,0,0,0,0,0,#DIV/0!
150,0,0,0,0,0,0,#DIV/0!
151,0,0,0,0,0,0,#DIV/0!
152,0,0,0,0,0,0,#DIV/0!
153,0,0,0,0,0,0,#DIV/0!
154,0.0539079059653769,0,0.0269539529826885,0.00072651558139298,0.00072651558139298,0.00072651558139298,0.0269539529826885
155,0,0,0,0,0,0,#DIV/0!
156,0.190762572082535,0,0.0953812860412675,0.00909758972688609,0.00909758972688609,0.00909758972688609,0.0953812860412675
157,0.190762572082535,0,0.0953812860412675,0.00909758972688609,0.00909758972688609,0.00909758972688609,0.0953812860412675
158,0.244449882991923,0,0.122224941495961,0.0149389363236912,0.0149389363236912,0.0149389363236912,0.122224941495961
159,0,0,0,0,0,0,#DIV/0!
160,0,0,0,0,0,0,#DIV/0!
161,0,0,0,0,0,0,#DIV/0!
162,0,0,0,0,0,0,#DIV/0!
163,0.0539079059653769,0,0.0269539529826885,0.00072651558139298,0.00072651558139298,0.00072651558139298,0.0269539529826885
164,0,0,0,0,0,0,#DIV/0!
165,0,0,0,0,0,0,#DIV/0!
166,0,0,0,0,0,0,#DIV/0!
167,0,0,0,0,0,0,#DIV/0!
168,0,0,0,0,0,0,#DIV/0!
169,0,0,0,0,0,0,#DIV/0!
170,0,0,0,0,0,0,#DIV/0!
171,0,0,0,0,0,0,#DIV/0!
172,0,0,0,0,0,0,#DIV/0!
173,0,0,0,0,0,0,#DIV/0!
174,0,0,0,0,0,0,#DIV/0!
175,0,0,0,0,0,0,#DIV/0!
176,0,0,0,0,0,0,#DIV/0!
177,0,0,0,0,0,0,#DIV/0!
178,0,0,0,0,0,0,#DIV/0!
179,0,0,0,0,0,0,#DIV/0!
180,0,0,0,0,0,0,#DIV/0!
181,0,0,0,0,0,0,#DIV/0!
182,0,0,0,0,0,0,#DIV/0!
183,0,0,0,0,0,0,#DIV/0!
184,0,0,0,0,0,0,#DIV/0!
185,0,0,0,0,0,0,#DIV/0!
186,0,0,0,0,0,0,#DIV/0!
187,0,0,0,0,0,0,#DIV/0!
188,0,0,0,0,0,0,#DIV/0!
189,0,0,0,0,0,0,#DIV/0!
190,0,0,0,0,0,0,#DIV/0!
191,0,0,0,0,0,0,#DIV/0!
192,0,0,0,0,0,0,#DIV/0!
193,0,0,0,0,0,0,#DIV/0!
194,0,0,0,0,0,0,#DIV/0!
195,0,0,0,0,0,0,#DIV/0!
196,0,0,0,0,0,0,#DIV/0!
197,0,0,0,0,0,0,#DIV/0!
198,0,0,0,0,0,0,#DIV/0!
199,0,0,0,0,0,0,#DIV/0!
200,0,0,0,0,0,0,#DIV/0!
201,0,0,0,0,0,0,#DIV/0!
202,0,0,0,0,0,0,#DIV/0!
203,0,0,0,0,0,0,#DIV/0!
204,0,0,0,0,0,0,#DIV/0!
205,0,0,0,0,0,0,#DIV/0!
206,0,0,0,0,0,0,#DIV/0!
207,0,0,0,0,0,0,#DIV/0!
208,0,0,0,0,0,0,#DIV/0!
209,0,0,0,0,0,0,#DIV/0!
210,0,0,0,0,0,0,#DIV/0!
211,0.639680705777833,0.353359335021421,0.496520020399627,0.0204949818379577,0.0204949818379577,0.0204949818379577,0.0412772516634117
212,0.639680705777833,0.699842839886239,0.669761772832036,0.000904870595119457,0.000904870595119457,0.000904870595119457,0.00135103350448516
213,0,0.699842839886239,0.349921419943119,0.122445000135009,0.122445000135009,0.122445000135009,0.349921419943119
214,0,0.353359335021421,0.17667966751071,0.0312157049116952,0.0312157049116952,0.0312157049116952,0.17667966751071
215,0.639680705777833,0.699842839886239,0.669761772832036,0.000904870595119457,0.000904870595119457,0.000904870595119457,0.00135103350448516
216,0.639680705777833,0.699842839886239,0.669761772832036,0.000904870595119457,0.000904870595119457,0.000904870595119457,0.00135103350448516
217,0.639680705777833,0.699842839886239,0.669761772832036,0.000904870595119457,0.000904870595119457,0.000904870595119457,0.00135103350448516
218,0.0539079059653769,0,0.0269539529826885,0.00072651558139298,0.00072651558139298,0.00072651558139298,0.0269539529826885
219,0,0,0,0,0,0,#DIV/0!
220,0,0,0,0,0,0,#DIV/0!
221,0,0,0,0,0,0,#DIV/0!
222,0,0,0,0,0,0,#DIV/0!
223,0,0,0,0,0,0,#DIV/0!
224,0,0,0,0,0,0,#DIV/0!
225,0.0539079059653769,0,0.0269539529826885,0.00072651558139298,0.00072651558139298,0.00072651558139298,0.0269539529826885
226,0,0,0,0,0,0,#DIV/0!
227,0,0,0,0,0,0,#DIV/0!
228,0,0,0,0,0,0,#DIV/0!
229,0,0,0,0,0,0,#DIV/0!
230,0,0,0,0,0,0,#DIV/0!
231,0,0,0,0,0,0,#DIV/0!
232,0,0,0,0,0,0,#DIV/0!
233,0,0,0,0,0,0,#DIV/0!
234,0,0,0,0,0,0,#DIV/0!
235,0,0,0,0,0,0,#DIV/0!
236,0,0,0,0,0,0,#DIV/0!
237,0,0,0,0,0,0,#DIV/0!
238,0,0,0,0,0,0,#DIV/0!
239,0,0,0,0,0,0,#DIV/0!
240,0,0,0,0,0,0,#DIV/0!
241,0,0,0,0,0,0,#DIV/0!
242,0.0539079059653769,0,0.0269539529826885,0.00072651558139298,0.00072651558139298,0.00072651558139298,0.0269539529826885
243,0,0,0,0,0,0,#DIV/0!
244,0,0,0,0,0,0,#DIV/0!
245,0,0,0,0,0,0,#DIV/0!
246,0,0,0,0,0,0,#DIV/0!
247,0,0,0,0,0,0,#DIV/0!
248,0,0,0,0,0,0,#DIV/0!
249,0,0,0,0,0,0,#DIV/0!
250,0,0,0,0,0,0,#DIV/0!
251,0,0,0,0,0,0,#DIV/0!
252,0,0,0,0,0,0,#DIV/0!
253,0,0,0,0,0,0,#DIV/0!
254,0,0,0,0,0,0,#DIV/0!
255,0,0,0,0,0,0,#DIV/0!
256,0,0,0,0,0,0,#DIV/0!
257,0,0,0,0,0,0,#DIV/0!
258,0,0,0,0,0,0,#DIV/0!
259,0,0,0,0,0,0,#DIV/0!
260,0,0,0,0,0,0,#DIV/0!
261,0,0,0,0,0,0,#DIV/0!
262,0,0,0,0,0,0,#DIV/0!
263,0,0,0,0,0,0,#DIV/0!
264,0,0,0,0,0,0,#DIV/0!
265,0,0,0,0,0,0,#DIV/0!
266,0,0,0,0,0,0,#DIV/0!
267,0,0,0,0,0,0,#DIV/0!
268,0,0,0,0,0,0,#DIV/0!
269,0,0,0,0,0,0,#DIV/0!
270,0,0,0,0,0,0,#DIV/0!
271,0,0,0,0,0,0,#DIV/0!
272,0,0,0,0,0,0,#DIV/0!
273,0,0,0,0,0,0,#DIV/0!
274,0,0,0,0,0,0,#DIV/0!
275,0.0539079059653769,0,0.0269539529826885,0.00072651558139298,0.00072651558139298,0.00072651558139298,0.0269539529826885
276,0,0,0,0,0,0,#DIV/0!
277,0,0,0,0,0,0,#DIV/0!
278,0,0,0,0,0,0,#DIV/0!
279,0,0,0,0,0,0,#DIV/0!
280,0,0,0,0,0,0,#DIV/0!
281,0,0,0,0,0,0,#DIV/0!
282,0,0,0,0,0,0,#DIV/0!
283,0,0,0,0,0,0,#DIV/0!
284,0,0,0,0,0,0,#DIV/0!
285,0,0,0,0,0,0,#DIV/0!
286,0,0,0,0,0,0,#DIV/0!
287,0,0,0,0,0,0,#DIV/0!
288,0,0,0,0,0,0,#DIV/0!
289,0,0,0,0,0,0,#DIV/0!
290,0,0,0,0,0,0,#DIV/0!
291,0,0,0,0,0,0,#DIV/0!
292,0,0,0,0,0,0,#DIV/0!
293,0,0,0,0,0,0,#DIV/0!
294,0,0,0,0,0,0,#DIV/0!
295,0,0,0,0,0,0,#DIV/0!
296,0,0,0,0,0,0,#DIV/0!
297,0,0,0,0,0,0,#DIV/0!
298,0,0,0,0,0,0,#DIV/0!
299,0,0,0,0,0,0,#DIV/0!
300,0,0,0,0,0,0,#DIV/0!
301,0,0,0,0,0,0,#DIV/0!
302,0,0,0,0,0,0,#DIV/0!
303,0,0,0,0,0,0,#DIV/0!
304,0,0,0,0,0,0,#DIV/0!
305,0,0,0,0,0,0,#DIV/0!
306,0,0,0,0,0,0,#DIV/0!
307,0,0,0,0,0,0,#DIV/0!
308,0,0,0,0,0,0,#DIV/0!
309,0,0,0,0,0,0,#DIV/0!
310,0,0,0,0,0,0,#DIV/0!
311,0,0,0,0,0,0,#DIV/0!
312,0,0,0,0,0,0,#DIV/0!
313,0,0,0,0,0,0,#DIV/0!
314,0.0539079059653769,0,0.0269539529826885,0.00072651558139298,0.00072651558139298,0.00072651558139298,0.0269539529826885
315,0.0539079059653769,0,0.0269539529826885,0.00072651558139298,0.00072651558139298,0.00072651558139298,0.0269539529826885
316,0.0539079059653769,0,0.0269539529826885,0.00072651558139298,0.00072651558139298,0.00072651558139298,0.0269539529826885
317,0.0539079059653769,0,0.0269539529826885,0.00072651558139298,0.00072651558139298,0.00072651558139298,0.0269539529826885
318,0,0,0,0,0,0,#DIV/0!
319,0,0,0,0,0,0,#DIV/0!
320,0,0,0,0,0,0,#DIV/0!
321,0,0,0,0,0,0,#DIV/0!
322,0,0,0,0,0,0,#DIV/0!
323,0,0,0,0,0,0,#DIV/0!
324,0,0,0,0,0,0,#DIV/0!
325,0,0,0,0,0,0,#DIV/0!
326,0,0,0,0,0,0,#DIV/0!
327,0,0,0,0,0,0,#DIV/0!
328,0,0,0,0,0,0,#DIV/0!
329,0,0,0,0,0,0,#DIV/0!
330,0,0,0,0,0,0,#DIV/0!
331,0,0,0,0,0,0,#DIV/0!
332,0,0,0,0,0,0,#DIV/0!
333,0.0539079059653769,0,0.0269539529826885,0.00072651558139298,0.00072651558139298,0.00072651558139298,0.0269539529826885
334,0,0,0,0,0,0,#DIV/0!
335,0,0,0,0,0,0,#DIV/0!
336,0,0,0,0,0,0,#DIV/0!
337,0,0,0,0,0,0,#DIV/0!
338,0,0,0,0,0,0,#DIV/0!
339,0,0,0,0,0,0,#DIV/0!
340,0,0,0,0,0,0,#DIV/0!
341,0,0,0,0,0,0,#DIV/0!
342,0.830098143049626,0.721928094887362,0.776013118968494,0.00292518982985663,0.00292518982985663,0.00292518982985663,0.00376951079608667
343,0.0539079059653769,0,0.0269539529826885,0.00072651558139298,0.00072651558139298,0.00072651558139298,0.0269539529826885
344,0,0,0,0,0,0,#DIV/0!
345,0,0,0,0,0,0,#DIV/0!
346,0,0,0,0,0,0,#DIV/0!
347,0.0539079059653769,0,0.0269539529826885,0.00072651558139298,0.00072651558139298,0.00072651558139298,0.0269539529826885
348,0,0,0,0,0,0,#DIV/0!
349,0.983878398633942,1.27290559532006,1.128391996977,0.020884180106059,0.020884180106059,0.020884180106059,0.0185079122875813
350,0,0,0,0,0,0,#DIV/0!
351,0,0,0,0,0,0,#DIV/0!
352,0,0,0,0,0,0,#DIV/0!
353,0,0,0,0,0,0,#DIV/0!
354,0,0,0,0,0,0,#DIV/0!
355,0,0,0,0,0,0,#DIV/0!
356,0,0,0,0,0,0,#DIV/0!
357,0,0,0,0,0,0,#DIV/0!
358,0,0,0,0,0,0,#DIV/0!
359,0,0,0,0,0,0,#DIV/0!
360,0,0,0,0,0,0,#DIV/0!
361,0,0,0,0,0,0,#DIV/0!
362,0,0,0,0,0,0,#DIV/0!
363,0,0,0,0,0,0,#DIV/0!
364,0,0,0,0,0,0,#DIV/0!
365,0,0,0,0,0,0,#DIV/0!
366,0,0,0,0,0,0,#DIV/0!
367,0,0,0,0,0,0,#DIV/0!
368,0,0,0,0,0,0,#DIV/0!
369,0,0,0,0,0,0,#DIV/0!
370,0,0,0,0,0,0,#DIV/0!
371,0,0,0,0,0,0,#DIV/0!
372,0,0,0,0,0,0,#DIV/0!
373,0,0,0,0,0,0,#DIV/0!
374,0.915114297267902,1.05298157513027,0.984047936199086,0.00475184657629484,0.00475184657629484,0.00475184657629484,0.00482887713239763
375,0,0,0,0,0,0,#DIV/0!
376,0.841598240402468,0.721928094887362,0.781763167644915,0.00358023593190166,0.00358023593190167,0.00358023593190166,0.00457969379996148
377,0,0,0,0,0,0,#DIV/0!
378,0.818267995097158,0.721928094887362,0.77009804499226,0.00232034409310836,0.00232034409310836,0.00232034409310836,0.00301305023197622
379,0,0.353359335021421,0.17667966751071,0.0312157049116952,0.0312157049116952,0.0312157049116952,0.17667966751071
380,0,0,0,0,0,0,#DIV/0!
381,0,0,0,0,0,0,#DIV/0!
382,0,0,0,0,0,0,#DIV/0!
383,0,0,0,0,0,0,#DIV/0!
384,0,0,0,0,0,0,#DIV/0!
385,0,0,0,0,0,0,#DIV/0!
386,0,0,0,0,0,0,#DIV/0!
387,0,0,0,0,0,0,#DIV/0!
388,0,0,0,0,0,0,#DIV/0!
389,0,0,0,0,0,0,#DIV/0!
390,0,0,0,0,0,0,#DIV/0!
391,0,0,0,0,0,0,#DIV/0!
392,0,0,0,0,0,0,#DIV/0!
393,0,0,0,0,0,0,#DIV/0!
394,0,0,0,0,0,0,#DIV/0!
395,0,0,0,0,0,0,#DIV/0!
396,0,0,0,0,0,0,#DIV/0!
397,0,0,0,0,0,0,#DIV/0!
398,0,0,0,0,0,0,#DIV/0!
399,0,0,0,0,0,0,#DIV/0!
400,0,0,0,0,0,0,#DIV/0!
401,0,0,0,0,0,0,#DIV/0!
402,0,0,0,0,0,0,#DIV/0!
403,0,0,0,0,0,0,#DIV/0!
404,0,0,0,0,0,0,#DIV/0!
405,0,0,0,0,0,0,#DIV/0!
406,0,0,0,0,0,0,#DIV/0!
407,0,0,0,0,0,0,#DIV/0!
408,0,0.353359335021421,0.17667966751071,0.0312157049116952,0.0312157049116952,0.0312157049116952,0.17667966751071
409,0,0,0,0,0,0,#DIV/0!
410,0,0,0,0,0,0,#DIV/0!
411,0,0.353359335021421,0.17667966751071,0.0312157049116952,0.0312157049116952,0.0312157049116952,0.17667966751071
412,0,0,0,0,0,0,#DIV/0!
413,0,0,0,0,0,0,#DIV/0!
414,0,0,0,0,0,0,#DIV/0!
415,0,0,0,0,0,0,#DIV/0!
416,0,0,0,0,0,0,#DIV/0!
417,0,0,0,0,0,0,#DIV/0!
418,0,0,0,0,0,0,#DIV/0!
419,0,0,0,0,0,0,#DIV/0!
420,0.227548732671901,0.721928094887362,0.474738413779632,0.0611027384461415,0.0611027384461415,0.0611027384461415,0.128708224724584
421,0,0,0,0,0,0,#DIV/0!
422,0,0,0,0,0,0,#DIV/0!
423,0,0,0,0,0,0,#DIV/0!
424,0,0,0,0,0,0,#DIV/0!
425,0,0,0,0,0,0,#DIV/0!
426,0,0,0,0,0,0,#DIV/0!
427,0,0,0,0,0,0,#DIV/0!
428,0,0,0,0,0,0,#DIV/0!
429,0,0,0,0,0,0,#DIV/0!
430,0,0,0,0,0,0,#DIV/0!
431,0,0,0,0,0,0,#DIV/0!
432,0,0,0,0,0,0,#DIV/0!
433,0,0,0,0,0,0,#DIV/0!
434,0,0,0,0,0,0,#DIV/0!
435,0.0954912378111185,0,0.0477456189055592,0.0022796441246749,0.0022796441246749,0.0022796441246749,0.0477456189055592
436,0.166222694781921,0,0.0831113473909605,0.00690749606514092,0.00690749606514092,0.00690749606514092,0.0831113473909605
437,0.0954912378111185,0,0.0477456189055592,0.0022796441246749,0.0022796441246749,0.0022796441246749,0.0477456189055592
438,0.0539079059653769,0,0.0269539529826885,0.00072651558139298,0.00072651558139298,0.00072651558139298,0.0269539529826885
439,0.0539079059653769,0,0.0269539529826885,0.00072651558139298,0.00072651558139298,0.00072651558139298,0.0269539529826885
440,0,0,0,0,0,0,#DIV/0!
441,0,0,0,0,0,0,#DIV/0!
442,0,0,0,0,0,0,#DIV/0!
443,0.227548732671901,0.721928094887362,0.474738413779632,0.0611027384461415,0.0611027384461415,0.0611027384461415,0.128708224724584
444,0.0539079059653769,0,0.0269539529826885,0.00072651558139298,0.00072651558139298,0.00072651558139298,0.0269539529826885
445,0.0539079059653769,0,0.0269539529826885,0.00072651558139298,0.00072651558139298,0.00072651558139298,0.0269539529826885
446,0.0539079059653769,0,0.0269539529826885,0.00072651558139298,0.00072651558139298,0.00072651558139298,0.0269539529826885
447,0.0539079059653769,0,0.0269539529826885,0.00072651558139298,0.00072651558139298,0.00072651558139298,0.0269539529826885
448,0,0,0,0,0,0,#DIV/0!
449,0.227548732671901,0.90558726169826,0.566567997185081,0.114934061711057,0.114934061711057,0.114934061711057,0.20286013732172
450,0,0,0,0,0,0,#DIV/0!
451,0,0,0,0,0,0,#DIV/0!
452,0,0,0,0,0,0,#DIV/0!
453,0,0,0,0,0,0,#DIV/0!
454,0,0,0,0,0,0,#DIV/0!
455,0.219910005691309,0,0.109955002845655,0.0120901026507879,0.0120901026507879,0.0120901026507879,0.109955002845655
456,0,0,0,0,0,0,#DIV/0!
457,0,0,0,0,0,0,#DIV/0!
458,0,0,0,0,0,0,#DIV/0!
459,0.0539079059653769,0,0.0269539529826885,0.00072651558139298,0.00072651558139298,0.00072651558139298,0.0269539529826885
460,0.0954912378111185,0,0.0477456189055592,0.0022796441246749,0.0022796441246749,0.0022796441246749,0.0477456189055592
461,0.0954912378111185,0,0.0477456189055592,0.0022796441246749,0.0022796441246749,0.0022796441246749,0.0477456189055592
462,0.0539079059653769,0,0.0269539529826885,0.00072651558139298,0.00072651558139298,0.00072651558139298,0.0269539529826885
463,0,0,0,0,0,0,#DIV/0!
464,0,0,0,0,0,0,#DIV/0!
465,0,0,0,0,0,0,#DIV/0!
466,0,0,0,0,0,0,#DIV/0!
467,0,0,0,0,0,0,#DIV/0!
468,0.166222694781921,0,0.0831113473909605,0.00690749606514092,0.00690749606514092,0.00690749606514092,0.0831113473909605
469,0.132388383162725,0,0.0661941915813625,0.00438167099911012,0.00438167099911012,0.00438167099911012,0.0661941915813625
470,0.0954912378111185,0,0.0477456189055592,0.0022796441246749,0.0022796441246749,0.0022796441246749,0.0477456189055592
471,0.0539079059653769,0,0.0269539529826885,0.00072651558139298,0.00072651558139298,0.00072651558139298,0.0269539529826885
472,0,0,0,0,0,0,#DIV/0!
473,0,0,0,0,0,0,#DIV/0!
474,0,0,0,0,0,0,#DIV/0!
475,0,0,0,0,0,0,#DIV/0!
476,0,0,0,0,0,0,#DIV/0!
477,0.0539079059653769,0,0.0269539529826885,0.00072651558139298,0.00072651558139298,0.00072651558139298,0.0269539529826885
478,0.0539079059653769,0,0.0269539529826885,0.00072651558139298,0.00072651558139298,0.00072651558139298,0.0269539529826885
479,0,0,0,0,0,0,#DIV/0!
480,0.948021369953619,0.970950594454668,0.959485982204143,0.000131437334054877,0.000131437334054877,0.000131437334054877,0.000136987237429918
481,0.922331623694201,0.970950594454668,0.946641109074434,0.000590951079451785,0.00059095107945179,0.000590951079451788,0.000624260951470386
482,0,0,0,0,0,0,#DIV/0!
483,0,0,0,0,0,0,#DIV/0!
484,0,0,0,0,0,0,#DIV/0!
485,0,0,0,0,0,0,#DIV/0!
486,0,0,0,0,0,0,#DIV/0!
487,1.05471899287815,0.970950594454668,1.01283479366641,0.0017542861436088,0.00175428614360881,0.0017542861436088,0.00173205556777762
488,0,0,0,0,0,0,#DIV/0!
489,0,0,0,0,0,0,#DIV/0!
490,0,0,0,0,0,0,#DIV/0!
491,0,0,0,0,0,0,#DIV/0!
492,0,0,0,0,0,0,#DIV/0!
493,0,0,0,0,0,0,#DIV/0!
494,0,0,0,0,0,0,#DIV/0!
495,0,0,0,0,0,0,#DIV/0!
496,1.08253400777065,0.996791631981636,1.03966281987614,0.00183793875148612,0.00183793875148613,0.00183793875148612,0.00176782194798991
497,0,0,0,0,0,0,#DIV/0!
498,0,0,0,0,0,0,#DIV/0!
499,1.08297389972388,1.39958123064606,1.24127756518497,0.0250600504984167,0.0250600504984167,0.0250600504984167,0.0201889176130259
500,0.0539079059653769,0,0.0269539529826885,0.00072651558139298,0.00072651558139298,0.00072651558139298,0.0269539529826885
501,1.13541107298761,0.996791631981636,1.06610135248462,0.00480383735620216,0.00480383735620218,0.00480383735620217,0.00450598561291241
502,0.0539079059653769,0,0.0269539529826885,0.00072651558139298,0.00072651558139298,0.00072651558139298,0.0269539529826885
503,0.0539079059653769,0,0.0269539529826885,0.00072651558139298,0.00072651558139298,0.00072651558139298,0.0269539529826885
504,1.06597206442697,0.996791631981636,1.0313818482043,0.00119648305833086,0.00119648305833085,0.00119648305833085,0.00116007767677316
505,0,0,0,0,0,0,#DIV/0!
506,0,0,0,0,0,0,#DIV/0!
507,0,0,0,0,0,0,#DIV/0!
508,1.11387283618317,0.996791631981636,1.0553322340824,0.00342700209432033,0.00342700209432032,0.00342700209432033,0.003247320591226
509,0.0539079059653769,0,0.0269539529826885,0.00072651558139298,0.00072651558139298,0.00072651558139298,0.0269539529826885
510,0.0539079059653769,0,0.0269539529826885,0.00072651558139298,0.00072651558139298,0.00072651558139298,0.0269539529826885
511,0.0539079059653769,0,0.0269539529826885,0.00072651558139298,0.00072651558139298,0.00072651558139298,0.0269539529826885
512,0.0539079059653769,0,0.0269539529826885,0.00072651558139298,0.00072651558139298,0.00072651558139298,0.0269539529826885
513,0,0,0,0,0,0,#DIV/0!
514,0,0,0,0,0,0,#DIV/0!
515,0,0,0,0,0,0,#DIV/0!
516,0,0,0,0,0,0,#DIV/0!
517,0,0,0,0,0,0,#DIV/0!
518,0,0,0,0,0,0,#DIV/0!
519,0,0,0,0,0,0,#DIV/0!
520,0,0,0,0,0,0,#DIV/0!
521,0,0,0,0,0,0,#DIV/0!
522,0,0,0,0,0,0,#DIV/0!
523,0,0,0,0,0,0,#DIV/0!
524,0,0,0,0,0,0,#DIV/0!
525,0,0,0,0,0,0,#DIV/0!
526,0,0,0,0,0,0,#DIV/0!
527,0,0,0,0,0,0,#DIV/0!
528,0.0539079059653769,0,0.0269539529826885,0.00072651558139298,0.00072651558139298,0.00072651558139298,0.0269539529826885
529,0.0539079059653769,0,0.0269539529826885,0.00072651558139298,0.00072651558139298,0.00072651558139298,0.0269539529826885
530,0.0539079059653769,0,0.0269539529826885,0.00072651558139298,0.00072651558139298,0.00072651558139298,0.0269539529826885
531,0,0,0,0,0,0,#DIV/0!
532,0,0,0,0,0,0,#DIV/0!
533,0,0,0,0,0,0,#DIV/0!
534,0,0,0,0,0,0,#DIV/0!
535,0,0,0,0,0,0,#DIV/0!
536,0,0,0,0,0,0,#DIV/0!
537,0,0,0,0,0,0,#DIV/0!
538,0,0,0,0,0,0,#DIV/0!
539,0,0,0,0,0,0,#DIV/0!
540,0.0539079059653769,0,0.0269539529826885,0.00072651558139298,0.00072651558139298,0.00072651558139298,0.0269539529826885
541,0,0,0,0,0,0,#DIV/0!
542,0,0,0,0,0,0,#DIV/0!
543,0,0,0,0,0,0,#DIV/0!
544,0,0,0,0,0,0,#DIV/0!
545,0,0,0,0,0,0,#DIV/0!
546,0,0,0,0,0,0,#DIV/0!
547,0,0,0,0,0,0,#DIV/0!
548,0,0,0,0,0,0,#DIV/0!
549,0.0539079059653769,0.353359335021421,0.203633620493399,0.0224177895909267,0.0224177895909267,0.0224177895909267,0.110088842582129
550,1.04525283747115,1.42947329835984,1.2373630679155,0.0369063406413793,0.0369063406413793,0.0369063406413793,0.0298266059480448
551,0,0,0,0,0,0,#DIV/0!
552,0,0,0,0,0,0,#DIV/0!
553,0,0,0,0,0,0,#DIV/0!
554,0,0,0,0,0,0,#DIV/0!
555,0,0,0,0,0,0,#DIV/0!
556,0,0,0,0,0,0,#DIV/0!
557,0,0,0,0,0,0,#DIV/0!
558,0,0,0,0,0,0,#DIV/0!
559,0,0,0,0,0,0,#DIV/0!
560,0,0,0,0,0,0,#DIV/0!
561,0,0,0,0,0,0,#DIV/0!
562,0,0,0,0,0,0,#DIV/0!
563,0,0,0,0,0,0,#DIV/0!
564,0,0,0,0,0,0,#DIV/0!
565,0,0,0,0,0,0,#DIV/0!
566,0,0,0,0,0,0,#DIV/0!
567,0,0,0,0,0,0,#DIV/0!
568,0,0,0,0,0,0,#DIV/0!
569,0,0,0,0,0,0,#DIV/0!
570,0,0,0,0,0,0,#DIV/0!
571,0,0,0,0,0,0,#DIV/0!
572,0,0,0,0,0,0,#DIV/0!
573,0,0,0,0,0,0,#DIV/0!
574,0,0,0,0,0,0,#DIV/0!
575,0.0539079059653769,0,0.0269539529826885,0.00072651558139298,0.00072651558139298,0.00072651558139298,0.0269539529826885
576,0,0,0,0,0,0,#DIV/0!
577,0,0,0,0,0,0,#DIV/0!
578,0,0,0,0,0,0,#DIV/0!
579,0,0,0,0,0,0,#DIV/0!
580,0,0,0,0,0,0,#DIV/0!
581,0,0,0,0,0,0,#DIV/0!
582,0.0539079059653769,0,0.0269539529826885,0.00072651558139298,0.00072651558139298,0.00072651558139298,0.0269539529826885
583,0,0,0,0,0,0,#DIV/0!
584,0,0,0,0,0,0,#DIV/0!
585,0,0,0,0,0,0,#DIV/0!
586,0,0,0,0,0,0,#DIV/0!
587,0,0,0,0,0,0,#DIV/0!
588,0,0,0,0,0,0,#DIV/0!
589,0,0,0,0,0,0,#DIV/0!
590,0,0,0,0,0,0,#DIV/0!
591,0,0,0,0,0,0,#DIV/0!
592,0,0,0,0,0,0,#DIV/0!
593,0,0,0,0,0,0,#DIV/0!
594,0,0,0,0,0,0,#DIV/0!
595,0,0,0,0,0,0,#DIV/0!
596,0,0,0,0,0,0,#DIV/0!
597,0,0,0,0,0,0,#DIV/0!
598,0,0,0,0,0,0,#DIV/0!
599,0,0,0,0,0,0,#DIV/0!
600,0,0,0,0,0,0,#DIV/0!
601,0,0,0,0,0,0,#DIV/0!
602,0,0,0,0,0,0,#DIV/0!
603,0,0,0,0,0,0,#DIV/0!
604,0,0,0,0,0,0,#DIV/0!
605,0,0,0,0,0,0,#DIV/0!
606,0,0,0,0,0,0,#DIV/0!
607,0,0,0,0,0,0,#DIV/0!
608,0,0,0,0,0,0,#DIV/0!
609,0,0,0,0,0,0,#DIV/0!
610,0,0,0,0,0,0,#DIV/0!
611,0,0,0,0,0,0,#DIV/0!
612,0,0,0,0,0,0,#DIV/0!
613,0,0,0,0,0,0,#DIV/0!
614,0,0,0,0,0,0,#DIV/0!
615,0,0,0,0,0,0,#DIV/0!
616,0,0,0,0,0,0,#DIV/0!
617,0.783425816233426,0.566509506552905,0.674967661393165,0.0117631713513539,0.0117631713513539,0.0117631713513539,0.017427755467683
618,0,0,0,0,0,0,#DIV/0!
619,0,0,0,0,0,0,#DIV/0!
620,0,0,0,0,0,0,#DIV/0!
621,0,0,0,0,0,0,#DIV/0!
622,0,0,0,0,0,0,#DIV/0!
623,0,0,0,0,0,0,#DIV/0!
624,0.0539079059653769,0,0.0269539529826885,0.00072651558139298,0.00072651558139298,0.00072651558139298,0.0269539529826885
625,0,0,0,0,0,0,#DIV/0!
626,0,0,0,0,0,0,#DIV/0!
627,0,0,0,0,0,0,#DIV/0!
628,0,0,0,0,0,0,#DIV/0!
629,0,0,0,0,0,0,#DIV/0!
630,0,0,0,0,0,0,#DIV/0!
631,0,0,0,0,0,0,#DIV/0!
632,0,0,0,0,0,0,#DIV/0!
633,0,0,0,0,0,0,#DIV/0!
634,0,0,0,0,0,0,#DIV/0!
635,0.0539079059653769,0,0.0269539529826885,0.00072651558139298,0.00072651558139298,0.00072651558139298,0.0269539529826885
636,0.0954912378111185,0,0.0477456189055592,0.0022796441246749,0.0022796441246749,0.0022796441246749,0.0477456189055592
637,0,0,0,0,0,0,#DIV/0!
638,0,0,0,0,0,0,#DIV/0!
639,0,0,0,0,0,0,#DIV/0!
640,0,0,0,0,0,0,#DIV/0!
641,0,0,0,0,0,0,#DIV/0!
642,0,0,0,0,0,0,#DIV/0!
643,0,0,0,0,0,0,#DIV/0!
644,0,0,0,0,0,0,#DIV/0!
645,0,0,0,0,0,0,#DIV/0!
646,0.0539079059653769,0,0.0269539529826885,0.00072651558139298,0.00072651558139298,0.00072651558139298,0.0269539529826885
647,0,0,0,0,0,0,#DIV/0!
648,0,0,0,0,0,0,#DIV/0!
649,0,0,0,0,0,0,#DIV/0!
650,0,0,0,0,0,0,#DIV/0!
651,0,0,0,0,0,0,#DIV/0!
652,0,0,0,0,0,0,#DIV/0!
653,0,0,0,0,0,0,#DIV/0!
654,0,0,0,0,0,0,#DIV/0!
655,0,0,0,0,0,0,#DIV/0!
656,0,0,0,0,0,0,#DIV/0!
657,0,0,0,0,0,0,#DIV/0!
658,0.894374930269603,0.566509506552905,0.730442218411254,0.0268739340172325,0.0268739340172325,0.0268739340172325,0.0367913208462738
659,0,0,0,0,0,0,#DIV/0!
660,0,0,0,0,0,0,#DIV/0!
661,0,0,0,0,0,0,#DIV/0!
662,0,0,0,0,0,0,#DIV/0!
663,0,0,0,0,0,0,#DIV/0!
664,0,0,0,0,0,0,#DIV/0!
665,0,0,0,0,0,0,#DIV/0!
666,0,0,0,0,0,0,#DIV/0!
667,0,0,0,0,0,0,#DIV/0!
668,0,0,0,0,0,0,#DIV/0!
669,0,0,0,0,0,0,#DIV/0!
670,0.0539079059653769,0,0.0269539529826885,0.00072651558139298,0.00072651558139298,0.00072651558139298,0.0269539529826885
671,0.0954912378111185,0,0.0477456189055592,0.0022796441246749,0.0022796441246749,0.0022796441246749,0.0477456189055592
672,0.0954912378111185,0,0.0477456189055592,0.0022796441246749,0.0022796441246749,0.0022796441246749,0.0477456189055592
673,0.149289533482746,0,0.074644766741373,0.00557184120187399,0.00557184120187399,0.00557184120187399,0.074644766741373
674,0.0954912378111185,0,0.0477456189055592,0.0022796441246749,0.0022796441246749,0.0022796441246749,0.0477456189055592
675,0.0954912378111185,0,0.0477456189055592,0.0022796441246749,0.0022796441246749,0.0022796441246749,0.0477456189055592
676,0.0539079059653769,0,0.0269539529826885,0.00072651558139298,0.00072651558139298,0.00072651558139298,0.0269539529826885
677,0,0,0,0,0,0,#DIV/0!
678,0,0,0,0,0,0,#DIV/0!
679,0,0,0,0,0,0,#DIV/0!
680,0,0,0,0,0,0,#DIV/0!
681,0,0,0,0,0,0,#DIV/0!
682,0.904025677774859,0.566509506552905,0.735267592163882,0.0284792914590818,0.0284792914590819,0.0284792914590818,0.0387332336724752
683,0,0,0,0,0,0,#DIV/0!
684,0.991377743287038,0.566509506552905,0.778943624919971,0.0451282546463928,0.0451282546463928,0.0451282546463928,0.0579351999331522
685,0,0,0,0,0,0,#DIV/0!
686,0,0,0,0,0,0,#DIV/0!
687,0,0,0,0,0,0,#DIV/0!
688,0.0539079059653769,0,0.0269539529826885,0.00072651558139298,0.00072651558139298,0.00072651558139298,0.0269539529826885
689,0.0539079059653769,0,0.0269539529826885,0.00072651558139298,0.00072651558139298,0.00072651558139298,0.0269539529826885
690,0.0539079059653769,0,0.0269539529826885,0.00072651558139298,0.00072651558139298,0.00072651558139298,0.0269539529826885
691,0.0539079059653769,0,0.0269539529826885,0.00072651558139298,0.00072651558139298,0.00072651558139298,0.0269539529826885
692,0.0539079059653769,0,0.0269539529826885,0.00072651558139298,0.00072651558139298,0.00072651558139298,0.0269539529826885
693,0,0,0,0,0,0,#DIV/0!
694,0,0,0,0,0,0,#DIV/0!
695,0,0,0,0,0,0,#DIV/0!
696,0,0,0,0,0,0,#DIV/0!
697,0,0,0,0,0,0,#DIV/0!
698,0,0,0,0,0,0,#DIV/0!
699,0,0,0,0,0,0,#DIV/0!
700,0,0,0,0,0,0,#DIV/0!
701,0,0,0,0,0,0,#DIV/0!
702,0,0,0,0,0,0,#DIV/0!
703,0,0,0,0,0,0,#DIV/0!
704,0.0539079059653769,0,0.0269539529826885,0.00072651558139298,0.00072651558139298,0.00072651558139298,0.0269539529826885
705,0,0,0,0,0,0,#DIV/0!
706,0,0,0,0,0,0,#DIV/0!
707,0.0539079059653769,0,0.0269539529826885,0.00072651558139298,0.00072651558139298,0.00072651558139298,0.0269539529826885
708,0,0,0,0,0,0,#DIV/0!
709,0,0,0,0,0,0,#DIV/0!
710,0,0,0,0,0,0,#DIV/0!
711,0,0,0,0,0,0,#DIV/0!
712,0,0,0,0,0,0,#DIV/0!
713,0,0,0,0,0,0,#DIV/0!
714,0,0,0,0,0,0,#DIV/0!
715,0,0,0,0,0,0,#DIV/0!
716,0,0,0,0,0,0,#DIV/0!
717,0,0,0,0,0,0,#DIV/0!
718,0,0,0,0,0,0,#DIV/0!
719,0,0,0,0,0,0,#DIV/0!
720,0,0,0,0,0,0,#DIV/0!
721,0,0,0,0,0,0,#DIV/0!
722,0,0,0,0,0,0,#DIV/0!
723,0,0,0,0,0,0,#DIV/0!
724,0,0,0,0,0,0,#DIV/0!
725,0.0539079059653769,0,0.0269539529826885,0.00072651558139298,0.00072651558139298,0.00072651558139298,0.0269539529826885
726,0,0,0,0,0,0,#DIV/0!
727,0,0,0,0,0,0,#DIV/0!
728,0,0,0,0,0,0,#DIV/0!
729,0,0,0,0,0,0,#DIV/0!
730,0,0,0,0,0,0,#DIV/0!
731,0,0,0,0,0,0,#DIV/0!
732,0,0,0,0,0,0,#DIV/0!
733,0,0,0,0,0,0,#DIV/0!
734,0,0,0,0,0,0,#DIV/0!
735,0,0,0,0,0,0,#DIV/0!
736,0,0,0,0,0,0,#DIV/0!
737,0,0,0,0,0,0,#DIV/0!
738,0,0,0,0,0,0,#DIV/0!
739,0,0,0,0,0,0,#DIV/0!
740,0,0,0,0,0,0,#DIV/0!
741,0,0,0,0,0,0,#DIV/0!
742,0,0,0,0,0,0,#DIV/0!
743,0,0,0,0,0,0,#DIV/0!
744,0,0,0,0,0,0,#DIV/0!
745,0,0,0,0,0,0,#DIV/0!
746,0,0,0,0,0,0,#DIV/0!
747,0,0,0,0,0,0,#DIV/0!
748,0,0,0,0,0,0,#DIV/0!
749,0,0,0,0,0,0,#DIV/0!
750,0,0,0,0,0,0,#DIV/0!
751,0,0,0,0,0,0,#DIV/0!
752,0,0,0,0,0,0,#DIV/0!
753,0,0,0,0,0,0,#DIV/0!
754,0,0,0,0,0,0,#DIV/0!
755,0,0,0,0,0,0,#DIV/0!
756,0,0,0,0,0,0,#DIV/0!
757,0,0,0,0,0,0,#DIV/0!
758,0,0,0,0,0,0,#DIV/0!
759,0,0,0,0,0,0,#DIV/0!
760,0,0,0,0,0,0,#DIV/0!
761,0,0,0,0,0,0,#DIV/0!
762,0,0,0,0,0,0,#DIV/0!
763,0,0,0,0,0,0,#DIV/0!
764,0,0,0,0,0,0,#DIV/0!
765,0,0,0,0,0,0,#DIV/0!
766,0,0,0,0,0,0,#DIV/0!
767,0.473417359399691,0.836640741941167,0.655029050670429,0.0329828064062179,0.0329828064062178,0.0329828064062179,0.0503531963543596
768,0.132388383162725,0,0.0661941915813625,0.00438167099911012,0.00438167099911012,0.00438167099911012,0.0661941915813625
769,0.132388383162725,0,0.0661941915813625,0.00438167099911012,0.00438167099911012,0.00438167099911012,0.0661941915813625
770,0.132388383162725,0,0.0661941915813625,0.00438167099911012,0.00438167099911012,0.00438167099911012,0.0661941915813625
771,0.132388383162725,0,0.0661941915813625,0.00438167099911012,0.00438167099911012,0.00438167099911012,0.0661941915813625
772,0.0954912378111185,0,0.0477456189055592,0.0022796441246749,0.0022796441246749,0.0022796441246749,0.0477456189055592
773,0,0,0,0,0,0,#DIV/0!
774,0,0,0,0,0,0,#DIV/0!
775,0,0,0,0,0,0,#DIV/0!
776,0,0,0,0,0,0,#DIV/0!
777,0,0,0,0,0,0,#DIV/0!
778,0,0,0,0,0,0,#DIV/0!
779,0,0,0,0,0,0,#DIV/0!
780,0,0,0,0,0,0,#DIV/0!
781,0,0,0,0,0,0,#DIV/0!
782,0,0,0,0,0,0,#DIV/0!
783,0,0,0,0,0,0,#DIV/0!
784,0,0,0,0,0,0,#DIV/0!
785,0,0,0,0,0,0,#DIV/0!
786,0,0,0,0,0,0,#DIV/0!
787,0,0,0,0,0,0,#DIV/0!
788,0,0,0,0,0,0,#DIV/0!
789,0,0,0,0,0,0,#DIV/0!
790,0,0,0,0,0,0,#DIV/0!
791,0,0,0,0,0,0,#DIV/0!
792,0,0,0,0,0,0,#DIV/0!
793,0,0,0,0,0,0,#DIV/0!
794,0,0,0,0,0,0,#DIV/0!
795,0,0,0,0,0,0,#DIV/0!
796,0,0,0,0,0,0,#DIV/0!
797,0.0539079059653769,0,0.0269539529826885,0.00072651558139298,0.00072651558139298,0.00072651558139298,0.0269539529826885
798,0,0,0,0,0,0,#DIV/0!
799,0.978351198286753,0.721928094887362,0.850139646587057,0.0164382019892437,0.0164382019892437,0.0164382019892437,0.0193358844693762
800,0,0,0,0,0,0,#DIV/0!
801,0,0,0,0,0,0,#DIV/0!
802,0,0,0,0,0,0,#DIV/0!
803,0,0,0,0,0,0,#DIV/0!
804,0,0,0,0,0,0,#DIV/0!
805,0,0,0,0,0,0,#DIV/0!
806,0,0,0,0,0,0,#DIV/0!
807,0,0,0,0,0,0,#DIV/0!
808,0,0,0,0,0,0,#DIV/0!
809,0,0,0,0,0,0,#DIV/0!
810,0,0,0,0,0,0,#DIV/0!
811,0,0,0,0,0,0,#DIV/0!
812,0,0,0,0,0,0,#DIV/0!
813,0,0,0,0,0,0,#DIV/0!
814,0,0,0,0,0,0,#DIV/0!
815,0,0,0,0,0,0,#DIV/0!
816,0,0,0,0,0,0,#DIV/0!
817,0,0,0,0,0,0,#DIV/0!
818,0,0,0,0,0,0,#DIV/0!
819,0,0,0,0,0,0,#DIV/0!
820,0,0,0,0,0,0,#DIV/0!
821,0,0,0,0,0,0,#DIV/0!
822,0,0,0,0,0,0,#DIV/0!
823,0,0,0,0,0,0,#DIV/0!
824,0,0,0,0,0,0,#DIV/0!
825,0,0,0,0,0,0,#DIV/0!
826,0,0,0,0,0,0,#DIV/0!
827,0,0,0,0,0,0,#DIV/0!
828,0,0,0,0,0,0,#DIV/0!
829,0,0,0,0,0,0,#DIV/0!
830,0,0,0,0,0,0,#DIV/0!
831,0,0,0,0,0,0,#DIV/0!
832,0,0,0,0,0,0,#DIV/0!
833,0,0,0,0,0,0,#DIV/0!
834,0,0,0,0,0,0,#DIV/0!
835,0,0,0,0,0,0,#DIV/0!
836,0,0,0,0,0,0,#DIV/0!
837,0,0,0,0,0,0,#DIV/0!
838,0,0,0,0,0,0,#DIV/0!
839,0,0,0,0,0,0,#DIV/0!
840,0,0,0,0,0,0,#DIV/0!
841,0,0,0,0,0,0,#DIV/0!
842,0,0,0,0,0,0,#DIV/0!
843,0,0,0,0,0,0,#DIV/0!
844,0,0,0,0,0,0,#DIV/0!
845,0,0,0,0,0,0,#DIV/0!
846,0,0,0,0,0,0,#DIV/0!
847,0,0,0,0,0,0,#DIV/0!
848,0,0,0,0,0,0,#DIV/0!
849,0,0,0,0,0,0,#DIV/0!
850,0,0,0,0,0,0,#DIV/0!
851,0,0,0,0,0,0,#DIV/0!
852,0,0,0,0,0,0,#DIV/0!
853,0.0539079059653769,0,0.0269539529826885,0.00072651558139298,0.00072651558139298,0.00072651558139298,0.0269539529826885
854,0,0,0,0,0,0,#DIV/0!
855,0,0,0,0,0,0,#DIV/0!
856,0,0,0,0,0,0,#DIV/0!
857,0,0,0,0,0,0,#DIV/0!
858,0,0,0,0,0,0,#DIV/0!
859,1.0161658536779,1.05298157513027,1.03457371440409,0.000338849336514626,0.000338849336514626,0.000338849336514626,0.000327525561298262
860,0.0539079059653769,0,0.0269539529826885,0.00072651558139298,0.00072651558139298,0.00072651558139298,0.0269539529826885
861,0,0,0,0,0,0,#DIV/0!
862,0,0,0,0,0,0,#DIV/0!
863,0,0,0,0,0,0,#DIV/0!
864,0,0,0,0,0,0,#DIV/0!
865,0,0,0,0,0,0,#DIV/0!
866,0,0,0,0,0,0,#DIV/0!
867,0,0,0,0,0,0,#DIV/0!
868,0,0,0,0,0,0,#DIV/0!
869,0,0,0,0,0,0,#DIV/0!
870,0,0,0,0,0,0,#DIV/0!
871,0,0,0,0,0,0,#DIV/0!
872,0,0,0,0,0,0,#DIV/0!
873,0,0,0,0,0,0,#DIV/0!
874,0,0,0,0,0,0,#DIV/0!
875,0,0,0,0,0,0,#DIV/0!
876,0.0954912378111185,0,0.0477456189055592,0.0022796441246749,0.0022796441246749,0.0022796441246749,0.0477456189055592
877,0.0954912378111185,0,0.0477456189055592,0.0022796441246749,0.0022796441246749,0.0022796441246749,0.0477456189055592
878,0,0,0,0,0,0,#DIV/0!
879,0,0,0,0,0,0,#DIV/0!
880,0,0,0,0,0,0,#DIV/0!
881,0,0,0,0,0,0,#DIV/0!
882,0.0954912378111185,0,0.0477456189055592,0.0022796441246749,0.0022796441246749,0.0022796441246749,0.0477456189055592
883,0.0954912378111185,0,0.0477456189055592,0.0022796441246749,0.0022796441246749,0.0022796441246749,0.0477456189055592
884,0.0539079059653769,0,0.0269539529826885,0.00072651558139298,0.00072651558139298,0.00072651558139298,0.0269539529826885
885,0,0,0,0,0,0,#DIV/0!
886,0,0,0,0,0,0,#DIV/0!
887,0,0,0,0,0,0,#DIV/0!
888,0,0,0,0,0,0,#DIV/0!
889,0,0,0,0,0,0,#DIV/0!
890,0,0,0,0,0,0,#DIV/0!
891,0,0,0,0,0,0,#DIV/0!
892,0,0,0,0,0,0,#DIV/0!
893,0,0,0,0,0,0,#DIV/0!
894,0,0,0,0,0,0,#DIV/0!
895,0,0,0,0,0,0,#DIV/0!
896,0,0,0,0,0,0,#DIV/0!
897,0.0539079059653769,0,0.0269539529826885,0.00072651558139298,0.00072651558139298,0.00072651558139298,0.0269539529826885
898,0.0539079059653769,0,0.0269539529826885,0.00072651558139298,0.00072651558139298,0.00072651558139298,0.0269539529826885
899,0,0,0,0,0,0,#DIV/0!
900,0,0,0,0,0,0,#DIV/0!
901,0,0,0,0,0,0,#DIV/0!
902,0,0,0,0,0,0,#DIV/0!
903,0,0,0,0,0,0,#DIV/0!
904,0,0,0,0,0,0,#DIV/0!
905,0,0,0,0,0,0,#DIV/0!
906,0,0,0,0,0,0,#DIV/0!
907,0,0,0,0,0,0,#DIV/0!
908,0,0,0,0,0,0,#DIV/0!
909,0,0,0,0,0,0,#DIV/0!
910,0,0,0,0,0,0,#DIV/0!
911,0,0,0,0,0,0,#DIV/0!
912,0,0,0,0,0,0,#DIV/0!
913,0,0,0,0,0,0,#DIV/0!
914,0,0,0,0,0,0,#DIV/0!
915,0,0,0,0,0,0,#DIV/0!
916,0,0,0,0,0,0,#DIV/0!
917,0,0,0,0,0,0,#DIV/0!
918,0,0,0,0,0,0,#DIV/0!
919,0,0,0,0,0,0,#DIV/0!
920,0,0,0,0,0,0,#DIV/0!
921,0,0,0,0,0,0,#DIV/0!
922,0,0,0,0,0,0,#DIV/0!
923,0,0,0,0,0,0,#DIV/0!
924,0,0,0,0,0,0,#DIV/0!
925,0,0,0,0,0,0,#DIV/0!
926,0,0,0,0,0,0,#DIV/0!
927,0,0,0,0,0,0,#DIV/0!
928,0,0,0,0,0,0,#DIV/0!
929,0,0,0,0,0,0,#DIV/0!
930,0,0,0,0,0,0,#DIV/0!
931,0,0,0,0,0,0,#DIV/0!
932,0,0,0,0,0,0,#DIV/0!
933,0,0,0,0,0,0,#DIV/0!
934,0,0,0,0,0,0,#DIV/0!
935,0,0,0,0,0,0,#DIV/0!
936,0,0,0,0,0,0,#DIV/0!
937,0,0,0,0,0,0,#DIV/0!
938,0,0,0,0,0,0,#DIV/0!
939,0,0,0,0,0,0,#DIV/0!
940,0,0,0,0,0,0,#DIV/0!
941,0,0,0,0,0,0,#DIV/0!
942,0,0,0,0,0,0,#DIV/0!
943,0,0,0,0,0,0,#DIV/0!
944,0,0,0,0,0,0,#DIV/0!
945,0,0,0,0,0,0,#DIV/0!
946,0,0,0,0,0,0,#DIV/0!
947,0,0,0,0,0,0,#DIV/0!
948,0,0,0,0,0,0,#DIV/0!
949,0,0,0,0,0,0,#DIV/0!
950,0,0,0,0,0,0,#DIV/0!
951,0,0,0,0,0,0,#DIV/0!
952,0,0,0,0,0,0,#DIV/0!
953,0.107761176461425,0,0.0538805882307125,0.00290311778808759,0.00290311778808759,0.00290311778808759,0.0538805882307125
954,0,0,0,0,0,0,#DIV/0!
955,0,0,0,0,0,0,#DIV/0!
956,0,0,0,0,0,0,#DIV/0!
957,0.901083604991239,0.836640741941167,0.868862173466203,0.00103822064952258,0.00103822064952258,0.00103822064952258,0.00119491984025585
958,0,0,0,0,0,0,#DIV/0!
959,0,0,0,0,0,0,#DIV/0!
960,0,0,0,0,0,0,#DIV/0!
961,0,0,0,0,0,0,#DIV/0!
962,0.0539079059653769,0,0.0269539529826885,0.00072651558139298,0.00072651558139298,0.00072651558139298,0.0269539529826885
963,0.0539079059653769,0,0.0269539529826885,0.00072651558139298,0.00072651558139298,0.00072651558139298,0.0269539529826885
964,0.0539079059653769,0,0.0269539529826885,0.00072651558139298,0.00072651558139298,0.00072651558139298,0.0269539529826885
965,0.0539079059653769,0,0.0269539529826885,0.00072651558139298,0.00072651558139298,0.00072651558139298,0.0269539529826885
966,0,0,0,0,0,0,#DIV/0!
967,0,0,0,0,0,0,#DIV/0!
968,0,0,0,0,0,0,#DIV/0!
969,0,0,0,0,0,0,#DIV/0!
970,0,0,0,0,0,0,#DIV/0!
971,0,0,0,0,0,0,#DIV/0!
972,0.496242303770505,0.566509506552905,0.531375905161705,0.00123436994671573,0.00123436994671573,0.00123436994671573,0.00232296936072044
973,0,0,0,0,0,0,#DIV/0!
974,0,0,0,0,0,0,#DIV/0!
975,0,0,0,0,0,0,#DIV/0!
976,0,0,0,0,0,0,#DIV/0!
977,0,0,0,0,0,0,#DIV/0!
978,0,0,0,0,0,0,#DIV/0!
979,0,0,0,0,0,0,#DIV/0!
980,0,0,0,0,0,0,#DIV/0!
981,0,0,0,0,0,0,#DIV/0!
982,0,0,0,0,0,0,#DIV/0!
983,0,0,0,0,0,0,#DIV/0!
984,0.496242303770505,1.10330740860783,0.799774856189168,0.0921320103777881,0.0921320103777881,0.0921320103777881,0.115197432958553
985,0,0,0,0,0,0,#DIV/0!
986,0,0,0,0,0,0,#DIV/0!
987,0,0,0,0,0,0,#DIV/0!
988,0,0,0,0,0,0,#DIV/0!
989,0,0,0,0,0,0,#DIV/0!
990,0,0,0,0,0,0,#DIV/0!
991,0,0,0,0,0,0,#DIV/0!
992,0,0,0,0,0,0,#DIV/0!
993,0,0,0,0,0,0,#DIV/0!
994,0,0,0,0,0,0,#DIV/0!
995,0,0,0,0,0,0,#DIV/0!
996,0,0,0,0,0,0,#DIV/0!
997,0,0,0,0,0,0,#DIV/0!
998,0,0,0,0,0,0,#DIV/0!
999,0.0539079059653769,0,0.0269539529826885,0.00072651558139298,0.00072651558139298,0.00072651558139298,0.0269539529826885
1000,0.0539079059653769,0,0.0269539529826885,0.00072651558139298,0.00072651558139298,0.00072651558139298,0.0269539529826885
1001,0,0,0,0,0,0,#DIV/0!
1002,0,0,0,0,0,0,#DIV/0!
1003,0,0,0,0,0,0,#DIV/0!
1004,0,0,0,0,0,0,#DIV/0!
1005,0,0,0,0,0,0,#DIV/0!
1006,0,0,0,0,0,0,#DIV/0!
1007,0,0,0,0,0,0,#DIV/0!
1008,0,0,0,0,0,0,#DIV/0!
1009,0,0,0,0,0,0,#DIV/0!
1010,0,0,0,0,0,0,#DIV/0!
1011,0,0,0,0,0,0,#DIV/0!
1012,0,0,0,0,0,0,#DIV/0!
1013,0,0,0,0,0,0,#DIV/0!
1014,0,0,0,0,0,0,#DIV/0!
1015,0,0,0,0,0,0,#DIV/0!
1016,0,0,0,0,0,0,#DIV/0!
1017,0,0,0,0,0,0,#DIV/0!
1018,0,0,0,0,0,0,#DIV/0!
1019,0,0,0,0,0,0,#DIV/0!
1020,0,0,0,0,0,0,#DIV/0!
1021,0,0,0,0,0,0,#DIV/0!
1022,0,0,0,0,0,0,#DIV/0!
1023,0,0,0,0,0,0,#DIV/0!
1024,0,0,0,0,0,0,#DIV/0!
1025,0,0,0,0,0,0,#DIV/0!
1026,0,0,0,0,0,0,#DIV/0!
1027,0,0,0,0,0,0,#DIV/0!
1028,0,0,0,0,0,0,#DIV/0!
1029,0,0,0,0,0,0,#DIV/0!
1030,0,0,0,0,0,0,#DIV/0!
1031,0,0,0,0,0,0,#DIV/0!
1032,0,0,0,0,0,0,#DIV/0!
1033,0,0,0,0,0,0,#DIV/0!
1034,0,0,0,0,0,0,#DIV/0!
1035,0,0,0,0,0,0,#DIV/0!
1036,0,0,0,0,0,0,#DIV/0!
1037,0,0,0,0,0,0,#DIV/0!
1038,0,0,0,0,0,0,#DIV/0!
1039,0,0,0,0,0,0,#DIV/0!
1040,0,0,0,0,0,0,#DIV/0!
1041,0,0,0,0,0,0,#DIV/0!
1042,0,0,0,0,0,0,#DIV/0!
1043,0,0,0,0,0,0,#DIV/0!
1044,0,0,0,0,0,0,#DIV/0!
1045,0,0,0,0,0,0,#DIV/0!
1046,0,0,0,0,0,0,#DIV/0!
1047,0,0,0,0,0,0,#DIV/0!
1048,0,0,0,0,0,0,#DIV/0!
1049,0,0,0,0,0,0,#DIV/0!
1050,0,0,0,0,0,0,#DIV/0!
1051,0,0,0,0,0,0,#DIV/0!
1052,0,0,0,0,0,0,#DIV/0!
1053,0,0,0,0,0,0,#DIV/0!
1054,0,0,0,0,0,0,#DIV/0!
1055,0,0,0,0,0,0,#DIV/0!
1056,0,0,0,0,0,0,#DIV/0!
1057,0,0,0,0,0,0,#DIV/0!
1058,0,0,0,0,0,0,#DIV/0!
1059,0,0,0,0,0,0,#DIV/0!
1060,0,0,0,0,0,0,#DIV/0!
1061,0,0,0,0,0,0,#DIV/0!
1062,0,0,0,0,0,0,#DIV/0!
1063,0,0,0,0,0,0,#DIV/0!
1064,0,0,0,0,0,0,#DIV/0!
1065,0,0,0,0,0,0,#DIV/0!
1066,0,0,0,0,0,0,#DIV/0!
1067,0,0,0,0,0,0,#DIV/0!
1068,0,0,0,0,0,0,#DIV/0!
1069,0,0,0,0,0,0,#DIV/0!
1070,0,0,0,0,0,0,#DIV/0!
1071,0,0,0,0,0,0,#DIV/0!
1072,0,0,0,0,0,0,#DIV/0!
1073,0,0,0,0,0,0,#DIV/0!
1074,0,0,0,0,0,0,#DIV/0!
1075,0,0,0,0,0,0,#DIV/0!
1076,0,0,0,0,0,0,#DIV/0!
1077,0,0,0,0,0,0,#DIV/0!
1078,0,0,0,0,0,0,#DIV/0!
1079,0,0,0,0,0,0,#DIV/0!
1080,0,0,0,0,0,0,#DIV/0!
1081,0,0,0,0,0,0,#DIV/0!
1082,0,0,0,0,0,0,#DIV/0!
1083,0,0,0,0,0,0,#DIV/0!
1084,0,0,0,0,0,0,#DIV/0!
1085,0,0,0,0,0,0,#DIV/0!
1086,0,0,0,0,0,0,#DIV/0!
1087,0,0,0,0,0,0,#DIV/0!
1088,0.0539079059653769,0,0.0269539529826885,0.00072651558139298,0.00072651558139298,0.00072651558139298,0.0269539529826885
1089,0,0,0,0,0,0,#DIV/0!
1090,0,0,0,0,0,0,#DIV/0!
1091,0,0,0,0,0,0,#DIV/0!
1092,0,0,0,0,0,0,#DIV/0!
1093,0,0,0,0,0,0,#DIV/0!
1094,0,0,0,0,0,0,#DIV/0!
1095,0,0,0,0,0,0,#DIV/0!
1096,0,0,0,0,0,0,#DIV/0!
1097,0,0,0,0,0,0,#DIV/0!
1098,0,0,0,0,0,0,#DIV/0!
1099,0,0,0,0,0,0,#DIV/0!
1100,0,0,0,0,0,0,#DIV/0!
1101,0,0,0,0,0,0,#DIV/0!
1102,0,0,0,0,0,0,#DIV/0!
1103,0,0,0,0,0,0,#DIV/0!
1104,0,0,0,0,0,0,#DIV/0!
1105,0,0,0,0,0,0,#DIV/0!
1106,0,0,0,0,0,0,#DIV/0!
1107,0,0,0,0,0,0,#DIV/0!
1108,0,0,0,0,0,0,#DIV/0!
1109,0,0,0,0,0,0,#DIV/0!
1110,0,0,0,0,0,0,#DIV/0!
1111,0,0,0,0,0,0,#DIV/0!
1112,0,0,0,0,0,0,#DIV/0!
1113,0,0,0,0,0,0,#DIV/0!
1114,0,0,0,0,0,0,#DIV/0!
1115,0,0,0,0,0,0,#DIV/0!
1116,0,0,0,0,0,0,#DIV/0!
1117,0,0,0,0,0,0,#DIV/0!
1118,0,0,0,0,0,0,#DIV/0!
1119,0,0,0,0,0,0,#DIV/0!
1120,0,0,0,0,0,0,#DIV/0!
1121,0,0,0,0,0,0,#DIV/0!
1122,0,0,0,0,0,0,#DIV/0!
1123,0,0,0,0,0,0,#DIV/0!
1124,0,0,0,0,0,0,#DIV/0!
1125,0,0,0,0,0,0,#DIV/0!
1126,0,0,0,0,0,0,#DIV/0!
1127,0,0,0,0,0,0,#DIV/0!
1128,0,0,0,0,0,0,#DIV/0!
1129,0,0,0,0,0,0,#DIV/0!
1130,0,0,0,0,0,0,#DIV/0!
1131,0,0,0,0,0,0,#DIV/0!
1132,0,0,0,0,0,0,#DIV/0!
1133,0,0,0,0,0,0,#DIV/0!
1134,0,0,0,0,0,0,#DIV/0!
1135,0,0,0,0,0,0,#DIV/0!
1136,0,0,0,0,0,0,#DIV/0!
1137,0,0,0,0,0,0,#DIV/0!
1138,0,0,0,0,0,0,#DIV/0!
1139,0,0,0,0,0,0,#DIV/0!
1140,0,0,0,0,0,0,#DIV/0!
1141,0,0,0,0,0,0,#DIV/0!
1142,0,0,0,0,0,0,#DIV/0!
1143,0,0,0,0,0,0,#DIV/0!
1144,0,0,0,0,0,0,#DIV/0!
1145,0,0,0,0,0,0,#DIV/0!
1146,0,0,0,0,0,0,#DIV/0!
1147,0,0,0,0,0,0,#DIV/0!
1148,0,0,0,0,0,0,#DIV/0!
1149,0.0539079059653769,0,0.0269539529826885,0.00072651558139298,0.00072651558139298,0.00072651558139298,0.0269539529826885
1150,0,0,0,0,0,0,#DIV/0!
1151,0,0,0,0,0,0,#DIV/0!
1152,0,0,0,0,0,0,#DIV/0!
1153,0,0,0,0,0,0,#DIV/0!
1154,0,0,0,0,0,0,#DIV/0!
1155,0,0,0,0,0,0,#DIV/0!
1156,0,0,0,0,0,0,#DIV/0!
1157,0,0,0,0,0,0,#DIV/0!
1158,0,0,0,0,0,0,#DIV/0!
1159,0,0,0,0,0,0,#DIV/0!
1160,0,0,0,0,0,0,#DIV/0!
1161,0,0,0,0,0,0,#DIV/0!
1162,0,0,0,0,0,0,#DIV/0!
1163,0,0,0,0,0,0,#DIV/0!
1164,0,0,0,0,0,0,#DIV/0!
1165,0,0,0,0,0,0,#DIV/0!
1166,0,0,0,0,0,0,#DIV/0!
1167,0,0,0,0,0,0,#DIV/0!
1168,0,0,0,0,0,0,#DIV/0!
1169,0,0,0,0,0,0,#DIV/0!
1170,0,0,0,0,0,0,#DIV/0!
1171,0,0,0,0,0,0,#DIV/0!
1172,0,0,0,0,0,0,#DIV/0!
1173,0,0,0,0,0,0,#DIV/0!
1174,0,0,0,0,0,0,#DIV/0!
1175,0,0,0,0,0,0,#DIV/0!
1176,0,0,0,0,0,0,#DIV/0!
1177,0,0,0,0,0,0,#DIV/0!
1178,0,0,0,0,0,0,#DIV/0!
1179,0,0,0,0,0,0,#DIV/0!
1180,0,0,0,0,0,0,#DIV/0!
1181,0,0,0,0,0,0,#DIV/0!
1182,0,0,0,0,0,0,#DIV/0!
1183,0,0,0,0,0,0,#DIV/0!
1184,0,0,0,0,0,0,#DIV/0!
1185,0,0,0,0,0,0,#DIV/0!
1186,0,0,0,0,0,0,#DIV/0!
1187,0,0,0,0,0,0,#DIV/0!
1188,0,0,0,0,0,0,#DIV/0!
1189,0,0,0,0,0,0,#DIV/0!
1190,0,0,0,0,0,0,#DIV/0!
1191,0,0,0,0,0,0,#DIV/0!
1192,0,0,0,0,0,0,#DIV/0!
1193,0,0,0,0,0,0,#DIV/0!
1194,0,0,0,0,0,0,#DIV/0!
1195,0,0,0,0,0,0,#DIV/0!
1196,0,0,0,0,0,0,#DIV/0!
1197,0,0,0,0,0,0,#DIV/0!
1198,0,0,0,0,0,0,#DIV/0!
1199,0,0,0,0,0,0,#DIV/0!
1200,0,0,0,0,0,0,#DIV/0!
1201,0,0,0,0,0,0,#DIV/0!
1202,0.0539079059653769,0,0.0269539529826885,0.00072651558139298,0.00072651558139298,0.00072651558139298,0.0269539529826885
1203,0,0,0,0,0,0,#DIV/0!
1204,0,0,0,0,0,0,#DIV/0!
1205,0,0,0,0,0,0,#DIV/0!
1206,0,0,0,0,0,0,#DIV/0!
1207,0,0,0,0,0,0,#DIV/0!
1208,0,0,0,0,0,0,#DIV/0!
1209,0,0,0,0,0,0,#DIV/0!
1210,0,0,0,0,0,0,#DIV/0!
1211,0,0,0,0,0,0,#DIV/0!
1212,0,0,0,0,0,0,#DIV/0!
1213,0,0,0,0,0,0,#DIV/0!
1214,0,0,0,0,0,0,#DIV/0!
1215,0,0,0,0,0,0,#DIV/0!
1216,0,0,0,0,0,0,#DIV/0!
1217,0,0,0,0,0,0,#DIV/0!
1218,0,0,0,0,0,0,#DIV/0!
1219,0,0,0,0,0,0,#DIV/0!
1220,0,0,0,0,0,0,#DIV/0!
1221,0,0,0,0,0,0,#DIV/0!
1222,0,0,0,0,0,0,#DIV/0!
1223,0,0,0,0,0,0,#DIV/0!
1224,0,0,0,0,0,0,#DIV/0!
1225,0,0,0,0,0,0,#DIV/0!
1226,0,0,0,0,0,0,#DIV/0!
1227,0,0,0,0,0,0,#DIV/0!
1228,0,0,0,0,0,0,#DIV/0!
1229,0,0,0,0,0,0,#DIV/0!
1230,0,0,0,0,0,0,#DIV/0!
1231,0.0539079059653769,0,0.0269539529826885,0.00072651558139298,0.00072651558139298,0.00072651558139298,0.0269539529826885
1232,0,0,0,0,0,0,#DIV/0!
1233,0,0,0,0,0,0,#DIV/0!
1234,0,0,0,0,0,0,#DIV/0!
1235,0,0,0,0,0,0,#DIV/0!
1236,0,0,0,0,0,0,#DIV/0!
1237,0,0,0,0,0,0,#DIV/0!
1238,0,0,0,0,0,0,#DIV/0!
1239,0,0,0,0,0,0,#DIV/0!
1240,0,0,0,0,0,0,#DIV/0!
1241,0,0,0,0,0,0,#DIV/0!
1242,0,0,0,0,0,0,#DIV/0!
1243,0,0,0,0,0,0,#DIV/0!
1244,0,0,0,0,0,0,#DIV/0!
1245,0,0,0,0,0,0,#DIV/0!
1246,0,0,0,0,0,0,#DIV/0!
1247,0.0539079059653769,0,0.0269539529826885,0.00072651558139298,0.00072651558139298,0.00072651558139298,0.0269539529826885
1248,0,0,0,0,0,0,#DIV/0!
1249,0,0,0,0,0,0,#DIV/0!
1250,0,0,0,0,0,0,#DIV/0!
1251,0,0,0,0,0,0,#DIV/0!
1252,0,0,0,0,0,0,#DIV/0!
1253,0,0,0,0,0,0,#DIV/0!
1254,0,0,0,0,0,0,#DIV/0!
1255,0,0,0,0,0,0,#DIV/0!
1256,0,0,0,0,0,0,#DIV/0!
1257,0,0,0,0,0,0,#DIV/0!
1258,0,0,0,0,0,0,#DIV/0!
1259,0,0,0,0,0,0,#DIV/0!
1260,0,0,0,0,0,0,#DIV/0!
1261,0,0,0,0,0,0,#DIV/0!
1262,0,0,0,0,0,0,#DIV/0!
1263,0,0,0,0,0,0,#DIV/0!
1264,0,0,0,0,0,0,#DIV/0!
1265,0,0,0,0,0,0,#DIV/0!
1266,0,0,0,0,0,0,#DIV/0!
1267,0,0,0,0,0,0,#DIV/0!
1268,0.0539079059653769,0,0.0269539529826885,0.00072651558139298,0.00072651558139298,0.00072651558139298,0.0269539529826885
1269,0,0,0,0,0,0,#DIV/0!
1270,0,0,0,0,0,0,#DIV/0!
1271,0,0,0,0,0,0,#DIV/0!
1272,0,0,0,0,0,0,#DIV/0!
1273,0,0,0,0,0,0,#DIV/0!
1274,0,0,0,0,0,0,#DIV/0!
1275,0,0,0,0,0,0,#DIV/0!
1276,0,0,0,0,0,0,#DIV/0!
